{"cameraMode":{"drawMode":0,"name":"Shaded","section":"Shading Mode"},"sceneLighting":true,"audioPlay":false,"sceneViewState":{"m_AlwaysRefresh":false,"showFog":true,"showSkybox":true,"showFlares":true,"showImageEffects":true,"showParticleSystems":true,"showVisualEffectGraphs":true,"m_FxEnabled":true},"in2DMode":false,"pivot":{"x":113.63533782958985,"y":-1.946793794631958,"z":-5.606734275817871},"rotation":{"x":0.21106849610805512,"y":-0.16744020581245423,"z":0.03937527537345886,"w":0.9625647068023682},"size":17.721960067749025,"orthographic":false}