{"cameraMode":{"drawMode":0,"name":"Shaded","section":"Shading Mode"},"sceneLighting":true,"audioPlay":false,"sceneViewState":{"m_AlwaysRefresh":false,"showFog":true,"showSkybox":true,"showFlares":true,"showImageEffects":true,"showParticleSystems":true,"showVisualEffectGraphs":true,"m_FxEnabled":true},"in2DMode":false,"pivot":{"x":9.646516799926758,"y":0.18195189535617829,"z":51.242286682128909},"rotation":{"x":-0.04079761356115341,"y":-0.003898788243532181,"z":0.00015505027840845287,"w":-0.9991559982299805},"size":48.773780822753909,"orthographic":false}